<?xml version="1.0" encoding="UTF-8" standalone="yes"?>
	<app version="1">
		<name> USB Loader GX</name>
		<coder>USB Loader GX Team</coder>
		<version>3.0 r1180</version>
		<release_date>201205121007</release_date>
		<!--   // remove this line to enable arguments
		<arguments>
				<arg>--ios=250</arg>
				<arg>--usbport=0</arg>
		</arguments>
		// remove this line to enable arguments -->
		<no_ios_reload/>
		<short_description>Loads games from USB-devices</short_description>
		<long_description>USB Loader GX is a libwiigui based USB iso loader with a wii-like GUI. You can install games to your HDDs and boot them with shorter loading times.
The interactive GUI is completely controllable with WiiMote, Classic Controller or GC Controller.
Features are automatic widescreen detection, coverdownload, parental control, theme support and many more.

Credits:
Coding: Dimok, nIxx, giantpune, ardi, Hungyip84, DrayX7, Lustar, r-win, WiiShizzza
Artworks: cyrex, NeoRame
Validation: Cyan and many others
Issue management: Cyan / Dimok
WiiTDB / Hosting covers: Lustar
USBLoader sources: Waninkoko, Kwiirk, Hermes
cIOS maintenance: davebaol, xabby666, XFlak and Rodries
Languages files updates: Kinyo and translaters
Hosting themes: Deak Phreak

Libwiigui: Tantric
Libogc/Devkit: Shagkur and Wintermute
FreeTypeGX: Armin Tamzarian.

Links:
USB Loader GX Project Page and Support Site:
http://code.google.com/p/usbloader-gui/
Help Website:
http://usbloadergx.koureio.net/
WiiTDB Site:
http://wiitdb.com
Themes Site:
http://wii.spiffy360.com
Languages Translaters Page:
http://gbatemp.net/index.php?showtopic=155252

Libwiigui Website:
http://wiibrew.org/wiki/Libwiigui/
FreeTypeGX Project Page:
http://code.google.com/p/freetypegx/
Gettext Official Page:
http://www.gnu.org/software/gettext/gettext.html
		</long_description>
	</app>
